,language,api,adequacy,fluency
0,so,google,3.892857142857143,4.38
1,so,microsoft,3.2916666666666665,3.72
2,mr,google,4.56,4.7
3,mr,microsoft,4.38,4.48
4,fr,google,4.902439024390244,4.8
5,fr,microsoft,4.822222222222222,4.86
