,language,api,adequacy,fluency
0,so,google,3.739130434782609,4.04
1,so,microsoft,3.242424242424242,3.34
2,mr,google,4.2,4.22
3,mr,microsoft,4.04,3.96
4,fr,google,4.511111111111111,4.34
5,fr,microsoft,4.4523809523809526,4.42
